"date","series","yield"
2013-06-30,"Overnight",2.75
2013-06-30,"1-month",2.81
2013-06-30,"3-month",2.8
2013-06-30,"6-month",2.78
2013-06-30,"1-year",2.318
2013-06-30,"2-year",2.5775
2013-06-30,"3-year",2.67
2013-06-30,"5-year",2.9625
2013-06-30,"10-year",3.54
2013-07-31,"Overnight",2.75
2013-07-31,"1-month",2.78
2013-07-31,"3-month",2.76
2013-07-31,"6-month",2.73
2013-07-31,"1-year",2.4
2013-07-31,"2-year",2.5375
2013-07-31,"3-year",2.6925
2013-07-31,"5-year",3.09
2013-07-31,"10-year",3.75
2013-08-31,"Overnight",2.55
2013-08-31,"1-month",2.61
2013-08-31,"3-month",2.6
2013-08-31,"6-month",2.58
2013-08-31,"1-year",2.438
2013-08-31,"2-year",2.5
2013-08-31,"3-year",2.69
2013-08-31,"5-year",3.14
2013-08-31,"10-year",3.86
2013-09-30,"Overnight",2.5
2013-09-30,"1-month",2.58
2013-09-30,"3-month",2.58
2013-09-30,"6-month",2.58
2013-09-30,"1-year",2.554
2013-09-30,"2-year",2.6875
2013-09-30,"3-year",2.8975
2013-09-30,"5-year",3.33
2013-09-30,"10-year",3.995
2013-10-31,"Overnight",2.5
2013-10-31,"1-month",2.57
2013-10-31,"3-month",2.58
2013-10-31,"6-month",2.61
2013-10-31,"1-year",2.534
2013-10-31,"2-year",2.7075
2013-10-31,"3-year",2.95
2013-10-31,"5-year",3.3475
2013-10-31,"10-year",3.97
2013-11-30,"Overnight",2.5
2013-11-30,"1-month",2.58
2013-11-30,"3-month",2.58
2013-11-30,"6-month",2.62
2013-11-30,"1-year",2.508
2013-11-30,"2-year",2.77
2013-11-30,"3-year",3.0325
2013-11-30,"5-year",3.46
2013-11-30,"10-year",4.125
2013-12-31,"Overnight",2.5
2013-12-31,"1-month",2.59
2013-12-31,"3-month",2.6
2013-12-31,"6-month",2.62
2013-12-31,"1-year",2.418
2013-12-31,"2-year",2.71
2013-12-31,"3-year",2.9625
2013-12-31,"5-year",3.4575
2013-12-31,"10-year",4.2425
2014-01-31,"Overnight",2.5
2014-01-31,"1-month",2.61
2014-01-31,"3-month",2.62
2014-01-31,"6-month",2.64
2014-01-31,"1-year",2.441
2014-01-31,"2-year",2.6625
2014-01-31,"3-year",2.9075
2014-01-31,"5-year",3.41
2014-01-31,"10-year",4.1825
2014-02-28,"Overnight",2.5
2014-02-28,"1-month",2.61
2014-02-28,"3-month",2.63
2014-02-28,"6-month",2.66
2014-02-28,"1-year",2.613
2014-02-28,"2-year",2.7
2014-02-28,"3-year",2.9525
2014-02-28,"5-year",3.405
2014-02-28,"10-year",4.12
2014-03-31,"Overnight",2.5
2014-03-31,"1-month",2.63
2014-03-31,"3-month",2.65
2014-03-31,"6-month",2.68
2014-03-31,"1-year",2.605
2014-03-31,"2-year",2.7375
2014-03-31,"3-year",2.965
2014-03-31,"5-year",3.41
2014-03-31,"10-year",4.1025
2014-04-30,"Overnight",2.5
2014-04-30,"1-month",2.65
2014-04-30,"3-month",2.68
2014-04-30,"6-month",2.72
2014-04-30,"1-year",2.568
2014-04-30,"2-year",2.76
2014-04-30,"3-year",3
2014-04-30,"5-year",3.3925
2014-04-30,"10-year",4.03
2014-05-31,"Overnight",2.5
2014-05-31,"1-month",2.66
2014-05-31,"3-month",2.69
2014-05-31,"6-month",2.71
2014-05-31,"1-year",2.471
2014-05-31,"2-year",2.6725
2014-05-31,"3-year",2.86
2014-05-31,"5-year",3.2025
2014-05-31,"10-year",3.775
2014-06-30,"Overnight",2.5
2014-06-30,"1-month",2.66
2014-06-30,"3-month",2.7
2014-06-30,"6-month",2.72
2014-06-30,"1-year",2.558
2014-06-30,"2-year",2.6225
2014-06-30,"3-year",2.795
2014-06-30,"5-year",3.12
2014-06-30,"10-year",3.7025
2014-07-31,"Overnight",2.5
2014-07-31,"1-month",2.65
2014-07-31,"3-month",2.65
2014-07-31,"6-month",2.67
2014-07-31,"1-year",2.511
2014-07-31,"2-year",2.53
2014-07-31,"3-year",2.6375
2014-07-31,"5-year",2.9375
2014-07-31,"10-year",3.4675
2014-08-31,"Overnight",2.5
2014-08-31,"1-month",2.62
2014-08-31,"3-month",2.63
2014-08-31,"6-month",2.65
2014-08-31,"1-year",2.598
2014-08-31,"2-year",2.555
2014-08-31,"3-year",2.655
2014-08-31,"5-year",2.925
2014-08-31,"10-year",3.41
2014-09-30,"Overnight",2.5
2014-09-30,"1-month",2.63
2014-09-30,"3-month",2.66
2014-09-30,"6-month",2.7
2014-09-30,"1-year",2.509
2014-09-30,"2-year",2.665
2014-09-30,"3-year",2.7975
2014-09-30,"5-year",3.045
2014-09-30,"10-year",3.545
2014-10-31,"Overnight",2.5
2014-10-31,"1-month",2.64
2014-10-31,"3-month",2.72
2014-10-31,"6-month",2.75
2014-10-31,"1-year",2.503
2014-10-31,"2-year",2.5325
2014-10-31,"3-year",2.6075
2014-10-31,"5-year",2.845
2014-10-31,"10-year",3.3175
2014-11-30,"Overnight",2.5
2014-11-30,"1-month",2.64
2014-11-30,"3-month",2.75
2014-11-30,"6-month",2.8
2014-11-30,"1-year",2.299
2014-11-30,"2-year",2.5125
2014-11-30,"3-year",2.5525
2014-11-30,"5-year",2.7675
2014-11-30,"10-year",3.2575
2014-12-31,"Overnight",2.5
2014-12-31,"1-month",2.63
2014-12-31,"3-month",2.75
2014-12-31,"6-month",2.78
2014-12-31,"1-year",2.031
2014-12-31,"2-year",2.3
2014-12-31,"3-year",2.275
2014-12-31,"5-year",2.435
2014-12-31,"10-year",2.955
2015-01-31,"Overnight",2.5
2015-01-31,"1-month",2.62
2015-01-31,"3-month",2.7
2015-01-31,"6-month",2.75
2015-01-31,"1-year",1.88
2015-01-31,"2-year",2.1475
2015-01-31,"3-year",2.1075
2015-01-31,"5-year",2.2075
2015-01-31,"10-year",2.6375
2015-02-28,"Overnight",2.28
2015-02-28,"1-month",2.34
2015-02-28,"3-month",2.36
2015-02-28,"6-month",2.38
2015-02-28,"1-year",1.8
2015-02-28,"2-year",1.8925
2015-02-28,"3-year",1.88
2015-02-28,"5-year",2.0125
2015-02-28,"10-year",2.5025
2015-03-31,"Overnight",2.25
2015-03-31,"1-month",2.27
2015-03-31,"3-month",2.3
2015-03-31,"6-month",2.33
2015-03-31,"1-year",1.983
2015-03-31,"2-year",1.8325
2015-03-31,"3-year",1.8325
2015-03-31,"5-year",1.9775
2015-03-31,"10-year",2.4825
2015-04-30,"Overnight",2.25
2015-04-30,"1-month",2.24
2015-04-30,"3-month",2.25
2015-04-30,"6-month",2.28
2015-04-30,"1-year",1.919
2015-04-30,"2-year",1.835
2015-04-30,"3-year",1.8025
2015-04-30,"5-year",1.9475
2015-04-30,"10-year",2.41
2015-05-31,"Overnight",2.04
2015-05-31,"1-month",2.06
2015-05-31,"3-month",2.15
2015-05-31,"6-month",2.24
2015-05-31,"1-year",1.954
2015-05-31,"2-year",2
2015-05-31,"3-year",2.0675
2015-05-31,"5-year",2.27
2015-05-31,"10-year",2.88
2015-06-30,"Overnight",2
2015-06-30,"1-month",2.04
2015-06-30,"3-month",2.15
2015-06-30,"6-month",2.25
2015-06-30,"1-year",1.926
2015-06-30,"2-year",1.995
2015-06-30,"3-year",2.03
2015-06-30,"5-year",2.2875
2015-06-30,"10-year",2.975
2015-07-31,"Overnight",2
2015-07-31,"1-month",2.05
2015-07-31,"3-month",2.14
2015-07-31,"6-month",2.25
2015-07-31,"1-year",1.877
2015-07-31,"2-year",1.915
2015-07-31,"3-year",1.9475
2015-07-31,"5-year",2.2025
2015-07-31,"10-year",2.9025
2015-08-31,"Overnight",2
2015-08-31,"1-month",2.04
2015-08-31,"3-month",2.14
2015-08-31,"6-month",2.23
2015-08-31,"1-year",1.922
2015-08-31,"2-year",1.88
2015-08-31,"3-year",1.88
2015-08-31,"5-year",2.1
2015-08-31,"10-year",2.715
2015-09-30,"Overnight",2
2015-09-30,"1-month",2.06
2015-09-30,"3-month",2.17
2015-09-30,"6-month",2.24
2015-09-30,"1-year",1.798
2015-09-30,"2-year",1.8525
2015-09-30,"3-year",1.855
2015-09-30,"5-year",2.1025
2015-09-30,"10-year",2.695
2015-10-31,"Overnight",2
2015-10-31,"1-month",2.04
2015-10-31,"3-month",2.15
2015-10-31,"6-month",2.22
2015-10-31,"1-year",2.005
2015-10-31,"2-year",1.8025
2015-10-31,"3-year",1.835
2015-10-31,"5-year",2.0725
2015-10-31,"10-year",2.6225
2015-11-30,"Overnight",2
2015-11-30,"1-month",2.05
2015-11-30,"3-month",2.22
2015-11-30,"6-month",2.32
2015-11-30,"1-year",2.031
2015-11-30,"2-year",1.9925
2015-11-30,"3-year",2.0575
2015-11-30,"5-year",2.2775
2015-11-30,"10-year",2.8525
2015-12-31,"Overnight",2
2015-12-31,"1-month",2.07
2015-12-31,"3-month",2.34
2015-12-31,"6-month",2.44
2015-12-31,"1-year",1.922
2015-12-31,"2-year",2.0525
2015-12-31,"3-year",2.095
2015-12-31,"5-year",2.285
2015-12-31,"10-year",2.845
2016-01-31,"Overnight",2
2016-01-31,"1-month",2.05
2016-01-31,"3-month",2.3
2016-01-31,"6-month",2.42
2016-01-31,"1-year",1.931
2016-01-31,"2-year",1.9525
2016-01-31,"3-year",1.9425
2016-01-31,"5-year",2.1475
2016-01-31,"10-year",2.725
2016-02-29,"Overnight",2
2016-02-29,"1-month",2.08
2016-02-29,"3-month",2.28
2016-02-29,"6-month",2.4
2016-02-29,"1-year",2.03
2016-02-29,"2-year",1.815
2016-02-29,"3-year",1.7925
2016-02-29,"5-year",1.99
2016-02-29,"10-year",2.475
2016-03-31,"Overnight",2
2016-03-31,"1-month",2.09
2016-03-31,"3-month",2.31
2016-03-31,"6-month",2.45
2016-03-31,"1-year",1.904
2016-03-31,"2-year",1.9425
2016-03-31,"3-year",1.9525
2016-03-31,"5-year",2.135
2016-03-31,"10-year",2.5675
2016-04-30,"Overnight",2
2016-04-30,"1-month",2.08
2016-04-30,"3-month",2.26
2016-04-30,"6-month",2.42
2016-04-30,"1-year",1.714
2016-04-30,"2-year",1.9325
2016-04-30,"3-year",1.9175
2016-04-30,"5-year",2.0925
2016-04-30,"10-year",2.515
2016-05-31,"Overnight",1.77
2016-05-31,"1-month",1.85
2016-05-31,"3-month",2
2016-05-31,"6-month",2.13
2016-05-31,"1-year",1.601
2016-05-31,"2-year",1.64
2016-05-31,"3-year",1.6275
2016-05-31,"5-year",1.8325
2016-05-31,"10-year",2.32
2016-06-30,"Overnight",1.75
2016-06-30,"1-month",1.85
2016-06-30,"3-month",1.99
2016-06-30,"6-month",2.14
2016-06-30,"1-year",1.61
2016-06-30,"2-year",1.62
2016-06-30,"3-year",1.5775
2016-06-30,"5-year",1.72
2016-06-30,"10-year",2.1175
2016-07-31,"Overnight",1.75
2016-07-31,"1-month",1.85
2016-07-31,"3-month",1.93
2016-07-31,"6-month",2.09
2016-07-31,"1-year",1.445
2016-07-31,"2-year",1.57
2016-07-31,"3-year",1.5225
2016-07-31,"5-year",1.615
2016-07-31,"10-year",1.9275
2016-08-31,"Overnight",1.52
2016-08-31,"1-month",1.64
2016-08-31,"3-month",1.76
2016-08-31,"6-month",1.95
2016-08-31,"1-year",1.572
2016-08-31,"2-year",1.44
2016-08-31,"3-year",1.4075
2016-08-31,"5-year",1.5375
2016-08-31,"10-year",1.875
2016-09-30,"Overnight",1.5
2016-09-30,"1-month",1.62
2016-09-30,"3-month",1.73
2016-09-30,"6-month",1.95
2016-09-30,"1-year",1.65
2016-09-30,"2-year",1.56
2016-09-30,"3-year",1.56
2016-09-30,"5-year",1.695
2016-09-30,"10-year",1.985
2016-10-31,"Overnight",1.5
2016-10-31,"1-month",1.62
2016-10-31,"3-month",1.74
2016-10-31,"6-month",1.98
2016-10-31,"1-year",1.688
2016-10-31,"2-year",1.6725
2016-10-31,"3-year",1.6925
2016-10-31,"5-year",1.8325
2016-10-31,"10-year",2.2
2016-11-30,"Overnight",1.5
2016-11-30,"1-month",1.62
2016-11-30,"3-month",1.76
2016-11-30,"6-month",2
2016-11-30,"1-year",1.735
2016-11-30,"2-year",1.715
2016-11-30,"3-year",1.795
2016-11-30,"5-year",2.015
2016-11-30,"10-year",2.505
2016-12-31,"Overnight",1.5
2016-12-31,"1-month",1.62
2016-12-31,"3-month",1.78
2016-12-31,"6-month",2.02
2016-12-31,"1-year",1.713
2016-12-31,"2-year",1.845
2016-12-31,"3-year",1.965
2016-12-31,"5-year",2.24
2016-12-31,"10-year",2.7925
2017-01-31,"Overnight",1.5
2017-01-31,"1-month",1.62
2017-01-31,"3-month",1.78
2017-01-31,"6-month",2.03
2017-01-31,"1-year",1.612
2017-01-31,"2-year",1.83
2017-01-31,"3-year",1.95
2017-01-31,"5-year",2.21
2017-01-31,"10-year",2.7275
2017-02-28,"Overnight",1.5
2017-02-28,"1-month",1.62
2017-02-28,"3-month",1.78
2017-02-28,"6-month",2
2017-02-28,"1-year",1.577
2017-02-28,"2-year",1.805
2017-02-28,"3-year",1.9375
2017-02-28,"5-year",2.2175
2017-02-28,"10-year",2.75
2017-03-31,"Overnight",1.5
2017-03-31,"1-month",1.63
2017-03-31,"3-month",1.79
2017-03-31,"6-month",2
2017-03-31,"1-year",1.619
2017-03-31,"2-year",1.8125
2017-03-31,"3-year",1.985
2017-03-31,"5-year",2.2925
2017-03-31,"10-year",2.81
2017-04-30,"Overnight",1.5
2017-04-30,"1-month",1.62
2017-04-30,"3-month",1.77
2017-04-30,"6-month",1.97
2017-04-30,"1-year",1.566
2017-04-30,"2-year",1.67
2017-04-30,"3-year",1.8
2017-04-30,"5-year",2.0875
2017-04-30,"10-year",2.56
2017-05-31,"Overnight",1.5
2017-05-31,"1-month",1.62
2017-05-31,"3-month",1.73
2017-05-31,"6-month",1.9
2017-05-31,"1-year",1.637
2017-05-31,"2-year",1.655
2017-05-31,"3-year",1.775
2017-05-31,"5-year",2.0525
2017-05-31,"10-year",2.5425
2017-06-30,"Overnight",1.5
2017-06-30,"1-month",1.62
2017-06-30,"3-month",1.72
2017-06-30,"6-month",1.85
2017-06-30,"1-year",1.646
2017-06-30,"2-year",1.6575
2017-06-30,"3-year",1.7625
2017-06-30,"5-year",1.9875
2017-06-30,"10-year",2.4075
2017-07-31,"Overnight",1.5
2017-07-31,"1-month",1.61
2017-07-31,"3-month",1.7
2017-07-31,"6-month",1.83
2017-07-31,"1-year",1.681
2017-07-31,"2-year",1.78
2017-07-31,"3-year",1.95
2017-07-31,"5-year",2.2125
2017-07-31,"10-year",2.6425
2017-08-31,"Overnight",1.5
2017-08-31,"1-month",1.6
2017-08-31,"3-month",1.7
2017-08-31,"6-month",1.85
2017-08-31,"1-year",1.8
2017-08-31,"2-year",1.7725
2017-08-31,"3-year",1.9375
2017-08-31,"5-year",2.185
2017-08-31,"10-year",2.5975
2017-09-30,"Overnight",1.5
2017-09-30,"1-month",1.6
2017-09-30,"3-month",1.72
2017-09-30,"6-month",1.91
2017-09-30,"1-year",1.746
2017-09-30,"2-year",1.89
2017-09-30,"3-year",2.06
2017-09-30,"5-year",2.3
2017-09-30,"10-year",2.7
2017-10-31,"Overnight",1.5
2017-10-31,"1-month",1.6
2017-10-31,"3-month",1.7
2017-10-31,"6-month",1.89
2017-10-31,"1-year",1.697
2017-10-31,"2-year",1.91
2017-10-31,"3-year",2.07
2017-10-31,"5-year",2.34
2017-10-31,"10-year",2.78
2017-11-30,"Overnight",1.5
2017-11-30,"1-month",1.63
2017-11-30,"3-month",1.72
2017-11-30,"6-month",1.89
2017-11-30,"1-year",1.817
2017-11-30,"2-year",1.79
2017-11-30,"3-year",1.92
2017-11-30,"5-year",2.16
2017-11-30,"10-year",2.57
2017-12-31,"Overnight",1.5
2017-12-31,"1-month",1.69
2017-12-31,"3-month",1.77
2017-12-31,"6-month",1.95
2017-12-31,"1-year",1.772
2017-12-31,"2-year",1.9
2017-12-31,"3-year",2.03
2017-12-31,"5-year",2.25
2017-12-31,"10-year",2.58
2018-01-31,"Overnight",1.5
2018-01-31,"1-month",1.7
2018-01-31,"3-month",1.79
2018-01-31,"6-month",1.97
2018-01-31,"1-year",1.854
2018-01-31,"2-year",1.98
2018-01-31,"3-year",2.16
2018-01-31,"5-year",2.39
2018-01-31,"10-year",2.75
2018-02-28,"Overnight",1.5
2018-02-28,"1-month",1.68
2018-02-28,"3-month",1.77
2018-02-28,"6-month",1.92
2018-02-28,"1-year",1.916
2018-02-28,"2-year",1.96
2018-02-28,"3-year",2.12
2018-02-28,"5-year",2.4
2018-02-28,"10-year",2.86
2018-03-31,"Overnight",1.5
2018-03-31,"1-month",1.77
2018-03-31,"3-month",1.93
2018-03-31,"6-month",2.06
2018-03-31,"1-year",1.979
2018-03-31,"2-year",1.99
2018-03-31,"3-year",2.1
2018-03-31,"5-year",2.35
2018-03-31,"10-year",2.72
2018-04-30,"Overnight",1.5
2018-04-30,"1-month",1.87
2018-04-30,"3-month",2.06
2018-04-30,"6-month",2.16
2018-04-30,"1-year",1.82
2018-04-30,"2-year",2.07
2018-04-30,"3-year",2.18
2018-04-30,"5-year",2.42
2018-04-30,"10-year",2.74
2018-05-31,"Overnight",1.5
2018-05-31,"1-month",1.85
2018-05-31,"3-month",1.96
2018-05-31,"6-month",2.07
2018-05-31,"1-year",1.95
2018-05-31,"2-year",2.03
2018-05-31,"3-year",2.17
2018-05-31,"5-year",2.41
2018-05-31,"10-year",2.79
2018-06-30,"Overnight",1.5
2018-06-30,"1-month",1.94
2018-06-30,"3-month",2.07
2018-06-30,"6-month",2.18
2018-06-30,"1-year",1.997
2018-06-30,"2-year",2.05
2018-06-30,"3-year",2.13
2018-06-30,"5-year",2.36
2018-06-30,"10-year",2.7
2018-07-31,"Overnight",1.5
2018-07-31,"1-month",1.94
2018-07-31,"3-month",2.02
2018-07-31,"6-month",2.18
2018-07-31,"1-year",1.977
2018-07-31,"2-year",2.02
2018-07-31,"3-year",2.09
2018-07-31,"5-year",2.29
2018-07-31,"10-year",2.64
2018-08-31,"Overnight",1.5
2018-08-31,"1-month",1.87
2018-08-31,"3-month",1.96
2018-08-31,"6-month",2.15
2018-08-31,"1-year",1.938
2018-08-31,"2-year",2
2018-08-31,"3-year",2.06
2018-08-31,"5-year",2.24
2018-08-31,"10-year",2.59
2018-09-30,"Overnight",1.5
2018-09-30,"1-month",1.85
2018-09-30,"3-month",1.93
2018-09-30,"6-month",2.12
2018-09-30,"1-year",1.93
2018-09-30,"2-year",2.03
2018-09-30,"3-year",2.06
2018-09-30,"5-year",2.25
2018-09-30,"10-year",2.63
2018-10-31,"Overnight",1.5
2018-10-31,"1-month",1.85
2018-10-31,"3-month",1.93
2018-10-31,"6-month",2.09
2018-10-31,"1-year",1.905
2018-10-31,"2-year",2
2018-10-31,"3-year",2.06
2018-10-31,"5-year",2.28
2018-10-31,"10-year",2.68
2018-11-30,"Overnight",1.5
2018-11-30,"1-month",1.86
2018-11-30,"3-month",1.94
2018-11-30,"6-month",2.11
2018-11-30,"1-year",1.944
2018-11-30,"2-year",2.04
2018-11-30,"3-year",2.11
2018-11-30,"5-year",2.32
2018-11-30,"10-year",2.68
2018-12-31,"Overnight",1.5
2018-12-31,"1-month",1.95
2018-12-31,"3-month",2.02
2018-12-31,"6-month",2.17
2018-12-31,"1-year",1.889
2018-12-31,"2-year",1.95
2018-12-31,"3-year",1.93
2018-12-31,"5-year",2.1
2018-12-31,"10-year",2.43
2019-01-31,"Overnight",1.5
2019-01-31,"1-month",2.01
2019-01-31,"3-month",2.07
2019-01-31,"6-month",2.19
2019-01-31,"1-year",1.751
2019-01-31,"2-year",1.84
2019-01-31,"3-year",1.78
2019-01-31,"5-year",1.91
2019-01-31,"10-year",2.27
2019-02-28,"Overnight",1.5
2019-02-28,"1-month",1.94
2019-02-28,"3-month",1.96
2019-02-28,"6-month",2.08
2019-02-28,"1-year",1.555
2019-02-28,"2-year",1.74
2019-02-28,"3-year",1.67
2019-02-28,"5-year",1.74
2019-02-28,"10-year",2.13
2019-03-31,"Overnight",1.5
2019-03-31,"1-month",1.83
2019-03-31,"3-month",1.83
2019-03-31,"6-month",1.91
2019-03-31,"1-year",1.436
2019-03-31,"2-year",1.6
2019-03-31,"3-year",1.53
2019-03-31,"5-year",1.59
2019-03-31,"10-year",1.96
2019-04-30,"Overnight",1.5
2019-04-30,"1-month",1.69
2019-04-30,"3-month",1.68
2019-04-30,"6-month",1.75
2019-04-30,"1-year",1.226
2019-04-30,"2-year",1.46
2019-04-30,"3-year",1.4
2019-04-30,"5-year",1.48
2019-04-30,"10-year",1.86
2019-05-31,"Overnight",1.5
2019-05-31,"1-month",1.56
2019-05-31,"3-month",1.54
2019-05-31,"6-month",1.55
2019-05-31,"1-year",1.05
2019-05-31,"2-year",1.23
2019-05-31,"3-year",1.21
2019-05-31,"5-year",1.29
2019-05-31,"10-year",1.65
2019-06-30,"Overnight",1.28
2019-06-30,"1-month",1.3
2019-06-30,"3-month",1.29
2019-06-30,"6-month",1.29
2019-06-30,"1-year",0.996
2019-06-30,"2-year",1.01
2019-06-30,"3-year",0.99
2019-06-30,"5-year",1.07
2019-06-30,"10-year",1.38
2019-07-31,"Overnight",1.02
2019-07-31,"1-month",1.11
2019-07-31,"3-month",1.11
2019-07-31,"6-month",1.14
2019-07-31,"1-year",0.889
2019-07-31,"2-year",0.93
2019-07-31,"3-year",0.92
2019-07-31,"5-year",1
2019-07-31,"10-year",1.31
2019-08-31,"Overnight",1
2019-08-31,"1-month",1.04
2019-08-31,"3-month",0.98
2019-08-31,"6-month",0.98
2019-08-31,"1-year",0.785
2019-08-31,"2-year",0.73
2019-08-31,"3-year",0.69
2019-08-31,"5-year",0.71
2019-08-31,"10-year",0.95
2019-09-30,"Overnight",1
2019-09-30,"1-month",1.04
2019-09-30,"3-month",0.98
2019-09-30,"6-month",1.06
2019-09-30,"1-year",0.852
2019-09-30,"2-year",0.8
2019-09-30,"3-year",0.78
2019-09-30,"5-year",0.81
2019-09-30,"10-year",1.03
2019-10-31,"Overnight",0.76
2019-10-31,"1-month",0.91
2019-10-31,"3-month",0.88
2019-10-31,"6-month",0.98
2019-10-31,"1-year",0.756
2019-10-31,"2-year",0.71
2019-10-31,"3-year",0.69
2019-10-31,"5-year",0.76
2019-10-31,"10-year",1.03
2019-11-30,"Overnight",0.75
2019-11-30,"1-month",0.87
2019-11-30,"3-month",0.91
2019-11-30,"6-month",1
2019-11-30,"1-year",0.938
2019-11-30,"2-year",0.79
2019-11-30,"3-year",0.77
2019-11-30,"5-year",0.86
2019-11-30,"10-year",1.15
2019-12-31,"Overnight",0.75
2019-12-31,"1-month",0.85
2019-12-31,"3-month",0.9
2019-12-31,"6-month",0.99
2019-12-31,"1-year",0.74
2019-12-31,"2-year",0.8
2019-12-31,"3-year",0.77
2019-12-31,"5-year",0.88
2019-12-31,"10-year",1.2
2020-01-31,"Overnight",0.75
2020-01-31,"1-month",0.84
2020-01-31,"3-month",0.89
2020-01-31,"6-month",0.97
2020-01-31,"1-year",0.632
2020-01-31,"2-year",0.76
2020-01-31,"3-year",0.75
2020-01-31,"5-year",0.85
2020-01-31,"10-year",1.15
2020-02-29,"Overnight",0.75
2020-02-29,"1-month",0.81
2020-02-29,"3-month",0.89
2020-02-29,"6-month",0.93
2020-02-29,"1-year",0.278
2020-02-29,"2-year",0.7
2020-02-29,"3-year",0.67
2020-02-29,"5-year",0.74
2020-02-29,"10-year",0.98
2020-03-31,"Overnight",0.43
2020-03-31,"1-month",0.54
2020-03-31,"3-month",0.53
2020-03-31,"6-month",0.64
2020-03-31,"1-year",0.22
2020-03-31,"2-year",0.39
2020-03-31,"3-year",0.38
2020-03-31,"5-year",0.5
2020-03-31,"10-year",0.89
2020-04-30,"Overnight",0.16
2020-04-30,"1-month",0.16
2020-04-30,"3-month",0.17
2020-04-30,"6-month",0.27
2020-04-30,"1-year",0.293
2020-04-30,"2-year",0.22
2020-04-30,"3-year",0.26
2020-04-30,"5-year",0.42
2020-04-30,"10-year",0.86
2020-05-31,"Overnight",0.14
2020-05-31,"1-month",0.09
2020-05-31,"3-month",0.1
2020-05-31,"6-month",0.16
2020-05-31,"1-year",0.272
2020-05-31,"2-year",0.24
2020-05-31,"3-year",0.25
2020-05-31,"5-year",0.4
2020-05-31,"10-year",0.91
2020-06-30,"Overnight",0.14
2020-06-30,"1-month",0.09
2020-06-30,"3-month",0.1
2020-06-30,"6-month",0.16
2020-06-30,"1-year",0.247
2020-06-30,"2-year",0.26
2020-06-30,"3-year",0.26
2020-06-30,"5-year",0.4
2020-06-30,"10-year",0.92
2020-07-31,"Overnight",0.13
2020-07-31,"1-month",0.09
2020-07-31,"3-month",0.1
2020-07-31,"6-month",0.17
2020-07-31,"1-year",0.198
2020-07-31,"2-year",0.26
2020-07-31,"3-year",0.28
2020-07-31,"5-year",0.42
2020-07-31,"10-year",0.88
2020-08-31,"Overnight",0.13
2020-08-31,"1-month",0.09
2020-08-31,"3-month",0.1
2020-08-31,"6-month",0.16
2020-08-31,"1-year",0.126
2020-08-31,"2-year",0.26
2020-08-31,"3-year",0.27
2020-08-31,"5-year",0.43
2020-08-31,"10-year",0.89
2020-09-30,"Overnight",0.13
2020-09-30,"1-month",0.09
2020-09-30,"3-month",0.09
2020-09-30,"6-month",0.13
2020-09-30,"1-year",0.073
2020-09-30,"2-year",0.21
2020-09-30,"3-year",0.23
2020-09-30,"5-year",0.39
2020-09-30,"10-year",0.9
2020-10-31,"Overnight",0.13
2020-10-31,"1-month",0.08
2020-10-31,"3-month",0.07
2020-10-31,"6-month",0.1
2020-10-31,"1-year",0.02
2020-10-31,"2-year",0.13
2020-10-31,"3-year",0.14
2020-10-31,"5-year",0.29
2020-10-31,"10-year",0.82
2020-11-30,"Overnight",0.06
2020-11-30,"1-month",0.02
2020-11-30,"3-month",0.02
2020-11-30,"6-month",0.03
2020-11-30,"1-year",0.048
2020-11-30,"2-year",0.09
2020-11-30,"3-year",0.11
2020-11-30,"5-year",0.29
2020-11-30,"10-year",0.87
2020-12-31,"Overnight",0.04
2020-12-31,"1-month",0.02
2020-12-31,"3-month",0.02
2020-12-31,"6-month",0.02
2020-12-31,"1-year",0.049
2020-12-31,"2-year",0.09
2020-12-31,"3-year",0.11
2020-12-31,"5-year",0.34
2020-12-31,"10-year",0.98
2021-01-31,"Overnight",0.03
2021-01-31,"1-month",0.01
2021-01-31,"3-month",0.01
2021-01-31,"6-month",0.02
2021-01-31,"1-year",0.056
2021-01-31,"2-year",0.08
2021-01-31,"3-year",0.1
2021-01-31,"5-year",0.37
2021-01-31,"10-year",1.05
2021-02-28,"Overnight",0.03
2021-02-28,"1-month",0.01
2021-02-28,"3-month",0.01
2021-02-28,"6-month",0.02
2021-02-28,"1-year",0.038
2021-02-28,"2-year",0.1
2021-02-28,"3-year",0.11
2021-02-28,"5-year",0.48
2021-02-28,"10-year",1.32
2021-03-31,"Overnight",0.03
2021-03-31,"1-month",0.01
2021-03-31,"3-month",0.03
2021-03-31,"6-month",0.08
2021-03-31,"1-year",0.083
2021-03-31,"2-year",0.09
2021-03-31,"3-year",0.1
2021-03-31,"5-year",0.71
2021-03-31,"10-year",1.69
2021-04-30,"Overnight",0.03
2021-04-30,"1-month",0.01
2021-04-30,"3-month",0.04
2021-04-30,"6-month",0.09
2021-04-30,"1-year",0.027
2021-04-30,"2-year",0.07
2021-04-30,"3-year",0.1
2021-04-30,"5-year",0.69
2021-04-30,"10-year",1.65
2021-05-31,"Overnight",0.03
2021-05-31,"1-month",0.01
2021-05-31,"3-month",0.04
2021-05-31,"6-month",0.1
2021-05-31,"1-year",0.007
2021-05-31,"2-year",0.07
2021-05-31,"3-year",0.1
2021-05-31,"5-year",0.7
2021-05-31,"10-year",1.62
2021-06-30,"Overnight",0.03
2021-06-30,"1-month",0.01
2021-06-30,"3-month",0.03
2021-06-30,"6-month",0.06
2021-06-30,"1-year",-0.003
2021-06-30,"2-year",0.04
2021-06-30,"3-year",0.14
2021-06-30,"5-year",0.73
2021-06-30,"10-year",1.52
2021-07-31,"Overnight",0.03
2021-07-31,"1-month",0.01
2021-07-31,"3-month",0.02
2021-07-31,"6-month",0.06
2021-07-31,"1-year",0.009
2021-07-31,"2-year",0.04
2021-07-31,"3-year",0.16
2021-07-31,"5-year",0.64
2021-07-31,"10-year",1.25
2021-08-31,"Overnight",0.03
2021-08-31,"1-month",0.01
2021-08-31,"3-month",0.01
2021-08-31,"6-month",0.03
2021-08-31,"1-year",0.03
2021-08-31,"2-year",0.02
2021-08-31,"3-year",0.15
2021-08-31,"5-year",0.57
2021-08-31,"10-year",1.12
2021-09-30,"Overnight",0.03
2021-09-30,"1-month",0.01
2021-09-30,"3-month",0.01
2021-09-30,"6-month",0.03
2021-09-30,"1-year",0.306
2021-09-30,"2-year",0.01
2021-09-30,"3-year",0.19
2021-09-30,"5-year",0.66
2021-09-30,"10-year",1.28
2021-10-31,"Overnight",0.03
2021-10-31,"1-month",0.01
2021-10-31,"3-month",0.04
2021-10-31,"6-month",0.09
2021-10-31,"1-year",0.199
2021-10-31,"2-year",0.16
2021-10-31,"3-year",0.58
2021-10-31,"5-year",1.11
2021-10-31,"10-year",1.72
2021-11-30,"Overnight",0.04
2021-11-30,"1-month",0.01
2021-11-30,"3-month",0.04
2021-11-30,"6-month",0.14
2021-11-30,"1-year",0.286
2021-11-30,"2-year",0.56
2021-11-30,"3-year",0.95
2021-11-30,"5-year",1.38
2021-11-30,"10-year",1.81
2021-12-31,"Overnight",0.04
2021-12-31,"1-month",0.01
2021-12-31,"3-month",0.06
2021-12-31,"6-month",0.19
2021-12-31,"1-year",0.619
2021-12-31,"2-year",0.53
2021-12-31,"3-year",0.93
2021-12-31,"5-year",1.32
2021-12-31,"10-year",1.61
2022-01-31,"Overnight",0.05
2022-01-31,"1-month",0.01
2022-01-31,"3-month",0.07
2022-01-31,"6-month",0.24
2022-01-31,"1-year",0.649
2022-01-31,"2-year",0.72
2022-01-31,"3-year",1.15
2022-01-31,"5-year",1.54
2022-01-31,"10-year",1.88
2022-02-28,"Overnight",0.05
2022-02-28,"1-month",0.01
2022-02-28,"3-month",0.07
2022-02-28,"6-month",0.25
2022-02-28,"1-year",1.016
2022-02-28,"2-year",1.02
2022-02-28,"3-year",1.48
2022-02-28,"5-year",1.81
2022-02-28,"10-year",2.11
2022-03-31,"Overnight",0.05
2022-03-31,"1-month",0.03
2022-03-31,"3-month",0.17
2022-03-31,"6-month",0.54
2022-03-31,"1-year",1.868
2022-03-31,"2-year",1.34
2022-03-31,"3-year",1.88
2022-03-31,"5-year",2.21
2022-03-31,"10-year",2.5
2022-04-30,"Overnight",0.06
2022-04-30,"1-month",0.08
2022-04-30,"3-month",0.41
2022-04-30,"6-month",1.01
2022-04-30,"1-year",2.04
2022-04-30,"2-year",2.15
2022-04-30,"3-year",2.54
2022-04-30,"5-year",2.77
2022-04-30,"10-year",3.01
2022-05-31,"Overnight",0.29
2022-05-31,"1-month",0.39
2022-05-31,"3-month",1
2022-05-31,"6-month",1.79
2022-05-31,"1-year",2.416
2022-05-31,"2-year",2.6
2022-05-31,"3-year",2.89
2022-05-31,"5-year",3.09
2022-05-31,"10-year",3.38
2022-06-30,"Overnight",0.69
2022-06-30,"1-month",0.92
2022-06-30,"3-month",1.6
2022-06-30,"6-month",2.48
2022-06-30,"1-year",2.32
2022-06-30,"2-year",2.93
2022-06-30,"3-year",3.29
2022-06-30,"5-year",3.5
2022-06-30,"10-year",3.77
2022-07-31,"Overnight",1.24
2022-07-31,"1-month",1.48
2022-07-31,"3-month",2.07
2022-07-31,"6-month",2.87
2022-07-31,"1-year",2.785
2022-07-31,"2-year",2.69
2022-07-31,"3-year",3.01
2022-07-31,"5-year",3.16
2022-07-31,"10-year",3.42
2022-08-31,"Overnight",1.77
2022-08-31,"1-month",1.89
2022-08-31,"3-month",2.31
2022-08-31,"6-month",2.92
2022-08-31,"1-year",3.203
2022-08-31,"2-year",2.9
2022-08-31,"3-year",3.08
2022-08-31,"5-year",3.16
2022-08-31,"10-year",3.37
2022-09-30,"Overnight",2.21
2022-09-30,"1-month",2.41
2022-09-30,"3-month",2.76
2022-09-30,"6-month",3.26
2022-09-30,"1-year",3.149
2022-09-30,"2-year",3.25
2022-09-30,"3-year",3.41
2022-09-30,"5-year",3.5
2022-09-30,"10-year",3.74
2022-10-31,"Overnight",2.54
2022-10-31,"1-month",2.72
2022-10-31,"3-month",2.95
2022-10-31,"6-month",3.47
2022-10-31,"1-year",3.115
2022-10-31,"2-year",3.31
2022-10-31,"3-year",3.45
2022-10-31,"5-year",3.61
2022-10-31,"10-year",3.92
2022-11-30,"Overnight",2.8
2022-11-30,"1-month",2.87
2022-11-30,"3-month",3.06
2022-11-30,"6-month",3.57
2022-11-30,"1-year",3.345
2022-11-30,"2-year",3.19
2022-11-30,"3-year",3.27
2022-11-30,"5-year",3.42
2022-11-30,"10-year",3.71
2022-12-31,"Overnight",3.01
2022-12-31,"1-month",3.01
2022-12-31,"3-month",3.17
2022-12-31,"6-month",3.62
2022-12-31,"1-year",3.214
2022-12-31,"2-year",3.16
2022-12-31,"3-year",3.19
2022-12-31,"5-year",3.31
2022-12-31,"10-year",3.57
2023-01-31,"Overnight",3.07
2023-01-31,"1-month",3.08
2023-01-31,"3-month",3.32
2023-01-31,"6-month",3.73
2023-01-31,"1-year",3.835
2023-01-31,"2-year",3.17
2023-01-31,"3-year",3.22
2023-01-31,"5-year",3.34
2023-01-31,"10-year",3.62
2023-02-28,"Overnight",3.26
2023-02-28,"1-month",3.28
2023-02-28,"3-month",3.46
2023-02-28,"6-month",3.81
2023-02-28,"1-year",3.591
2023-02-28,"2-year",3.41
2023-02-28,"3-year",3.4
2023-02-28,"5-year",3.48
2023-02-28,"10-year",3.71
